metric,value
accuracy,0.9907300400796676
precision,0.9628688252845619
recall,0.9953164267763308
f1,0.9788237937426276
roc_auc,0.9998103111950865
